ts_code,symbol,exchange,name,fut_code,trade_unit,per_unit,quote_unit,d_mode_desc,list_date,delist_date,d_month,last_ddate
SC2812.INE,SC2812,INE,原油2812,SC,桶,1000.0,人民币元/桶,实物交割,20251201,20281130,202812,20281207
LU2612.INE,LU2612,INE,低硫燃料油2612,LU,吨,10.0,人民币元/吨,实物交割,20251201,20261130,202612,20261207
SCTAS2604.INE,SC2604TAS,INE,原油2604TAS,SCTAS,桶,1000.0,人民币元/桶,,20251201,20260319,202604,
BC2611.INE,BC2611,INE,国际铜2611,BC,吨,5.0,人民币元/吨,实物交割,20251118,20261116,202611,20261123
NR2611.INE,NR2611,INE,20号胶2611,NR,吨,10.0,人民币元/吨,实物交割,20251118,20261116,202611,20261123
SC2611.INE,SC2611,INE,原油2611,SC,桶,1000.0,人民币元/桶,实物交割,20251103,20261030,202611,20261106
SCTAS2603.INE,SC2603TAS,INE,原油2603TAS,SCTAS,桶,1000.0,人民币元/桶,,20251103,20260210,202603,
LU2611.INE,LU2611,INE,低硫燃料油2611,LU,吨,10.0,人民币元/吨,实物交割,20251103,20261030,202611,20261106
EC2610.INE,EC2610,INE,集运指数(欧线)2610,EC,张,1.0,指数点,现金交割,20251028,20261026,202610,20261026
NR2610.INE,NR2610,INE,20号胶2610,NR,吨,10.0,人民币元/吨,实物交割,20251016,20261015,202610,20261022
BC2610.INE,BC2610,INE,国际铜2610,BC,吨,5.0,人民币元/吨,实物交割,20251016,20261015,202610,20261022
SC2610.INE,SC2610,INE,原油2610,SC,桶,1000.0,人民币元/桶,实物交割,20251009,20260930,202610,20261014
LU2610.INE,LU2610,INE,低硫燃料油2610,LU,吨,10.0,人民币元/吨,实物交割,20251009,20260930,202610,20261014
SCTAS2602.INE,SC2602TAS,INE,原油2602TAS,SCTAS,桶,1000.0,人民币元/桶,,20251009,20260120,202602,
BC2609.INE,BC2609,INE,国际铜2609,BC,吨,5.0,人民币元/吨,实物交割,20250916,20260915,202609,20260922
NR2609.INE,NR2609,INE,20号胶2609,NR,吨,10.0,人民币元/吨,实物交割,20250916,20260915,202609,20260922
LU2609.INE,LU2609,INE,低硫燃料油2609,LU,吨,10.0,人民币元/吨,实物交割,20250901,20260831,202609,20260907
SCTAS2601.INE,SC2601TAS,INE,原油2601TAS,SCTAS,桶,1000.0,人民币元/桶,,20250901,20251219,202601,
SC2809.INE,SC2809,INE,原油2809,SC,桶,1000.0,人民币元/桶,实物交割,20250901,20280831,202809,20280907
EC2608.INE,EC2608,INE,集运指数(欧线)2608,EC,张,1.0,指数点,现金交割,20250826,20260831,202608,20260831
NR2608.INE,NR2608,INE,20号胶2608,NR,吨,10.0,人民币元/吨,实物交割,20250818,20260817,202608,20260824
BC2608.INE,BC2608,INE,国际铜2608,BC,吨,5.0,人民币元/吨,实物交割,20250818,20260817,202608,20260824
SCTAS2512.INE,SC2512TAS,INE,原油2512TAS,SCTAS,桶,1000.0,人民币元/桶,,20250801,20251118,202512,
SC2608.INE,SC2608,INE,原油2608,SC,桶,1000.0,人民币元/桶,实物交割,20250801,20260731,202608,20260807
LU2608.INE,LU2608,INE,低硫燃料油2608,LU,吨,10.0,人民币元/吨,实物交割,20250801,20260731,202608,20260807
BC2607.INE,BC2607,INE,国际铜2607,BC,吨,5.0,人民币元/吨,实物交割,20250716,20260715,202607,20260722
NR2607.INE,NR2607,INE,20号胶2607,NR,吨,10.0,人民币元/吨,实物交割,20250716,20260715,202607,20260722
EC2606.INE,EC2606,INE,集运指数(欧线)2606,EC,张,1.0,指数点,现金交割,20250701,20260629,202606,20260629
LU2607.INE,LU2607,INE,低硫燃料油2607,LU,吨,10.0,人民币元/吨,实物交割,20250701,20260630,202607,20260707
SC2607.INE,SC2607,INE,原油2607,SC,桶,1000.0,人民币元/桶,实物交割,20250701,20260630,202607,20260707
SCTAS2511.INE,SC2511TAS,INE,原油2511TAS,SCTAS,桶,1000.0,人民币元/桶,,20250701,20251021,202511,
BC2606.INE,BC2606,INE,国际铜2606,BC,吨,5.0,人民币元/吨,实物交割,20250617,20260615,202606,20260623
NR2606.INE,NR2606,INE,20号胶2606,NR,吨,10.0,人民币元/吨,实物交割,20250617,20260615,202606,20260623
LU2606.INE,LU2606,INE,低硫燃料油2606,LU,吨,10.0,人民币元/吨,实物交割,20250603,20260529,202606,20260605
SC2806.INE,SC2806,INE,原油2806,SC,桶,1000.0,人民币元/桶,实物交割,20250603,20280531,202806,20280607
SCTAS2510.INE,SC2510TAS,INE,原油2510TAS,SCTAS,桶,1000.0,人民币元/桶,,20250603,20250918,202510,
BC2605.INE,BC2605,INE,国际铜2605,BC,吨,5.0,人民币元/吨,实物交割,20250516,20260515,202605,20260522
NR2605.INE,NR2605,INE,20号胶2605,NR,吨,10.0,人民币元/吨,实物交割,20250516,20260515,202605,20260522
LU2605.INE,LU2605,INE,低硫燃料油2605,LU,吨,10.0,人民币元/吨,实物交割,20250506,20260430,202605,20260512
SCTAS2509.INE,SC2509TAS,INE,原油2509TAS,SCTAS,桶,1000.0,人民币元/桶,,20250506,20250819,202509,
SC2605.INE,SC2605,INE,原油2605,SC,桶,1000.0,人民币元/桶,实物交割,20250506,20260430,202605,20260512
EC2604.INE,EC2604,INE,集运指数(欧线)2604,EC,张,1.0,指数点,现金交割,20250429,20260427,202604,20260427
BC2604.INE,BC2604,INE,国际铜2604,BC,吨,5.0,人民币元/吨,实物交割,20250416,20260415,202604,20260422
NR2604.INE,NR2604,INE,20号胶2604,NR,吨,10.0,人民币元/吨,实物交割,20250416,20260415,202604,20260422
SC2604.INE,SC2604,INE,原油2604,SC,桶,1000.0,人民币元/桶,实物交割,20250401,20260331,202604,20260408
SCTAS2508.INE,SC2508TAS,INE,原油2508TAS,SCTAS,桶,1000.0,人民币元/桶,,20250401,20250721,202508,
LU2604.INE,LU2604,INE,低硫燃料油2604,LU,吨,10.0,人民币元/吨,实物交割,20250401,20260331,202604,20260408
BC2603.INE,BC2603,INE,国际铜2603,BC,吨,5.0,人民币元/吨,实物交割,20250318,20260316,202603,20260323
NR2603.INE,NR2603,INE,20号胶2603,NR,吨,10.0,人民币元/吨,实物交割,20250318,20260316,202603,20260323
LU2603.INE,LU2603,INE,低硫燃料油2603,LU,吨,10.0,人民币元/吨,实物交割,20250303,20260227,202603,20260306
SCTAS2507.INE,SC2507TAS,INE,原油2507TAS,SCTAS,桶,1000.0,人民币元/桶,,20250303,20250618,202507,
SC2803.INE,SC2803,INE,原油2803,SC,桶,1000.0,人民币元/桶,实物交割,20250303,20280229,202803,20280307
EC2602.INE,EC2602,INE,集运指数(欧线)2602,EC,张,1.0,指数点,现金交割,20250225,20260209,202602,20260209
BC2602.INE,BC2602,INE,国际铜2602,BC,吨,5.0,人民币元/吨,实物交割,20250218,20260224,202602,20260303
NR2602.INE,NR2602,INE,20号胶2602,NR,吨,10.0,人民币元/吨,实物交割,20250218,20260224,202602,20260303
LU2602.INE,LU2602,INE,低硫燃料油2602,LU,吨,10.0,人民币元/吨,实物交割,20250205,20260130,202602,20260206
SCTAS2506.INE,SC2506TAS,INE,原油2506TAS,SCTAS,桶,1000.0,人民币元/桶,,20250205,20250520,202506,
SC2602.INE,SC2602,INE,原油2602,SC,桶,1000.0,人民币元/桶,实物交割,20250205,20260130,202602,20260206
NR2601.INE,NR2601,INE,20号胶2601,NR,吨,10.0,人民币元/吨,实物交割,20250116,20260115,202601,20260122
BC2601.INE,BC2601,INE,国际铜2601,BC,吨,5.0,人民币元/吨,实物交割,20250116,20260115,202601,20260122
SC2601.INE,SC2601,INE,原油2601,SC,桶,1000.0,人民币元/桶,实物交割,20250102,20251231,202601,20260109
SCTAS2505.INE,SC2505TAS,INE,原油2505TAS,SCTAS,桶,1000.0,人民币元/桶,,20250102,20250418,202505,
LU2601.INE,LU2601,INE,低硫燃料油2601,LU,吨,10.0,人民币元/吨,实物交割,20250102,20251231,202601,20260109
EC2512.INE,EC2512,INE,集运指数(欧线)2512,EC,张,1.0,指数点,现金交割,20241231,20251229,202512,20251229
BC2512.INE,BC2512,INE,国际铜2512,BC,吨,5.0,人民币元/吨,实物交割,20241217,20251215,202512,20251222
NR2512.INE,NR2512,INE,20号胶2512,NR,吨,10.0,人民币元/吨,实物交割,20241217,20251215,202512,20251222
SCTAS2504.INE,SC2504TAS,INE,原油2504TAS,SCTAS,桶,1000.0,人民币元/桶,,20241202,20250319,202504,
SC2712.INE,SC2712,INE,原油2712,SC,桶,1000.0,人民币元/桶,实物交割,20241202,20271130,202712,20271207
LU2512.INE,LU2512,INE,低硫燃料油2512,LU,吨,10.0,人民币元/吨,实物交割,20241202,20251128,202512,20251205
BC2511.INE,BC2511,INE,国际铜2511,BC,吨,5.0,人民币元/吨,实物交割,20241118,20251117,202511,20251124
NR2511.INE,NR2511,INE,20号胶2511,NR,吨,10.0,人民币元/吨,实物交割,20241118,20251117,202511,20251124
SC2511.INE,SC2511,INE,原油2511,SC,桶,1000.0,人民币元/桶,实物交割,20241101,20251031,202511,20251107
LU2511.INE,LU2511,INE,低硫燃料油2511,LU,吨,10.0,人民币元/吨,实物交割,20241101,20251031,202511,20251107
SCTAS2503.INE,SC2503TAS,INE,原油2503TAS,SCTAS,桶,1000.0,人民币元/桶,,20241101,20250218,202503,
EC2510.INE,EC2510,INE,集运指数(欧线)2510,EC,张,1.0,指数点,现金交割,20241029,20251027,202510,20251027
NR2510.INE,NR2510,INE,20号胶2510,NR,吨,10.0,人民币元/吨,实物交割,20241016,20251015,202510,20251022
BC2510.INE,BC2510,INE,国际铜2510,BC,吨,5.0,人民币元/吨,实物交割,20241016,20251015,202510,20251022
SC2510.INE,SC2510,INE,原油2510,SC,桶,1000.0,人民币元/桶,实物交割,20241008,20250930,202510,20251015
LU2510.INE,LU2510,INE,低硫燃料油2510,LU,吨,10.0,人民币元/吨,实物交割,20241008,20250930,202510,20251015
SCTAS2502.INE,SC2502TAS,INE,原油2502TAS,SCTAS,桶,1000.0,人民币元/桶,,20241008,20250115,202502,
BC2509.INE,BC2509,INE,国际铜2509,BC,吨,5.0,人民币元/吨,实物交割,20240919,20250915,202509,20250922
NR2509.INE,NR2509,INE,20号胶2509,NR,吨,10.0,人民币元/吨,实物交割,20240919,20250915,202509,20250922
SC2709.INE,SC2709,INE,原油2709,SC,桶,1000.0,人民币元/桶,实物交割,20240902,20270831,202709,20270907
SCTAS2501.INE,SC2501TAS,INE,原油2501TAS,SCTAS,桶,1000.0,人民币元/桶,,20240902,20241219,202501,
LU2509.INE,LU2509,INE,低硫燃料油2509,LU,吨,10.0,人民币元/吨,实物交割,20240902,20250829,202509,20250905
EC2508.INE,EC2508,INE,集运指数(欧线)2508,EC,张,1.0,指数点,现金交割,20240827,20250825,202508,20250825
BC2508.INE,BC2508,INE,国际铜2508,BC,吨,5.0,人民币元/吨,实物交割,20240816,20250815,202508,20250822
NR2508.INE,NR2508,INE,20号胶2508,NR,吨,10.0,人民币元/吨,实物交割,20240816,20250815,202508,20250822
SCTAS2412.INE,SC2412TAS,INE,原油2412TAS,SCTAS,桶,1000.0,人民币元/桶,,20240801,20241119,202412,
SC2508.INE,SC2508,INE,原油2508,SC,桶,1000.0,人民币元/桶,实物交割,20240801,20250731,202508,20250807
LU2508.INE,LU2508,INE,低硫燃料油2508,LU,吨,10.0,人民币元/吨,实物交割,20240801,20250731,202508,20250807
NR2507.INE,NR2507,INE,20号胶2507,NR,吨,10.0,人民币元/吨,实物交割,20240716,20250715,202507,20250722
BC2507.INE,BC2507,INE,国际铜2507,BC,吨,5.0,人民币元/吨,实物交割,20240716,20250715,202507,20250722
SCTAS2411.INE,SC2411TAS,INE,原油2411TAS,SCTAS,桶,1000.0,人民币元/桶,,20240701,20241021,202411,
SC2507.INE,SC2507,INE,原油2507,SC,桶,1000.0,人民币元/桶,实物交割,20240701,20250630,202507,20250707
LU2507.INE,LU2507,INE,低硫燃料油2507,LU,吨,10.0,人民币元/吨,实物交割,20240701,20250630,202507,20250707
EC2506.INE,EC2506,INE,集运指数(欧线)2506,EC,张,1.0,指数点,现金交割,20240625,20250630,202506,20250630
BC2506.INE,BC2506,INE,国际铜2506,BC,吨,5.0,人民币元/吨,实物交割,20240618,20250616,202506,20250623
NR2506.INE,NR2506,INE,20号胶2506,NR,吨,10.0,人民币元/吨,实物交割,20240618,20250616,202506,20250623
LU2506.INE,LU2506,INE,低硫燃料油2506,LU,吨,10.0,人民币元/吨,实物交割,20240603,20250530,202506,20250609
SC2706.INE,SC2706,INE,原油2706,SC,桶,1000.0,人民币元/桶,实物交割,20240603,20270531,202706,20270607
SCTAS2410.INE,SC2410TAS,INE,原油2410TAS,SCTAS,桶,1000.0,人民币元/桶,,20240603,20240918,202410,
NR2505.INE,NR2505,INE,20号胶2505,NR,吨,10.0,人民币元/吨,实物交割,20240516,20250515,202505,20250522
BC2505.INE,BC2505,INE,国际铜2505,BC,吨,5.0,人民币元/吨,实物交割,20240516,20250515,202505,20250522
SCTAS2409.INE,SC2409TAS,INE,原油2409TAS,SCTAS,桶,1000.0,人民币元/桶,,20240506,20240820,202409,
SC2505.INE,SC2505,INE,原油2505,SC,桶,1000.0,人民币元/桶,实物交割,20240506,20250430,202505,20250512
LU2505.INE,LU2505,INE,低硫燃料油2505,LU,吨,10.0,人民币元/吨,实物交割,20240506,20250430,202505,20250512
EC2504.INE,EC2504,INE,集运指数(欧线)2504,EC,张,1.0,指数点,现金交割,20240430,20250428,202504,20250428
NR2504.INE,NR2504,INE,20号胶2504,NR,吨,10.0,人民币元/吨,实物交割,20240416,20250415,202504,20250422
BC2504.INE,BC2504,INE,国际铜2504,BC,吨,5.0,人民币元/吨,实物交割,20240416,20250415,202504,20250422
SCTAS2408.INE,SC2408TAS,INE,原油2408TAS,SCTAS,桶,1000.0,人民币元/桶,,20240401,20240719,202408,
SC2504.INE,SC2504,INE,原油2504,SC,桶,1000.0,人民币元/桶,实物交割,20240401,20250331,202504,20250408
LU2504.INE,LU2504,INE,低硫燃料油2504,LU,吨,10.0,人民币元/吨,实物交割,20240401,20250331,202504,20250408
BC2503.INE,BC2503,INE,国际铜2503,BC,吨,5.0,人民币元/吨,实物交割,20240318,20250317,202503,20250324
NR2503.INE,NR2503,INE,20号胶2503,NR,吨,10.0,人民币元/吨,实物交割,20240318,20250317,202503,20250324
SC2703.INE,SC2703,INE,原油2703,SC,桶,1000.0,人民币元/桶,实物交割,20240301,20270226,202703,20270305
SCTAS2407.INE,SC2407TAS,INE,原油2407TAS,SCTAS,桶,1000.0,人民币元/桶,,20240301,20240618,202407,
LU2503.INE,LU2503,INE,低硫燃料油2503,LU,吨,10.0,人民币元/吨,实物交割,20240301,20250228,202503,20250307
EC2502.INE,EC2502,INE,集运指数(欧线)2502,EC,张,1.0,指数点,现金交割,20240227,20250224,202502,20250224
NR2502.INE,NR2502,INE,20号胶2502,NR,吨,10.0,人民币元/吨,实物交割,20240220,20250217,202502,20250224
BC2502.INE,BC2502,INE,国际铜2502,BC,吨,5.0,人民币元/吨,实物交割,20240220,20250217,202502,20250224
SC2502.INE,SC2502,INE,原油2502,SC,桶,1000.0,人民币元/桶,实物交割,20240201,20250127,202502,20250211
SCTAS2406.INE,SC2406TAS,INE,原油2406TAS,SCTAS,桶,1000.0,人民币元/桶,,20240201,20240521,202406,
LU2502.INE,LU2502,INE,低硫燃料油2502,LU,吨,10.0,人民币元/吨,实物交割,20240201,20250127,202502,20250211
BC2501.INE,BC2501,INE,国际铜2501,BC,吨,5.0,人民币元/吨,实物交割,20240116,20250115,202501,20250122
NR2501.INE,NR2501,INE,20号胶2501,NR,吨,10.0,人民币元/吨,实物交割,20240116,20250115,202501,20250122
SC2501.INE,SC2501,INE,原油2501,SC,桶,1000.0,人民币元/桶,实物交割,20240102,20241231,202501,20250108
LU2501.INE,LU2501,INE,低硫燃料油2501,LU,吨,10.0,人民币元/吨,实物交割,20240102,20241231,202501,20250108
SCTAS2405.INE,SC2405TAS,INE,原油2405TAS,SCTAS,桶,1000.0,人民币元/桶,,20240102,20240418,202405,
BC2412.INE,BC2412,INE,国际铜2412,BC,吨,5.0,人民币元/吨,实物交割,20231218,20241216,202412,20241223
NR2412.INE,NR2412,INE,20号胶2412,NR,吨,10.0,人民币元/吨,实物交割,20231218,20241216,202412,20241223
SC2612.INE,SC2612,INE,原油2612,SC,桶,1000.0,人民币元/桶,实物交割,20231201,20261130,202612,20261207
LU2412.INE,LU2412,INE,低硫燃料油2412,LU,吨,10.0,人民币元/吨,实物交割,20231201,20241129,202412,20241206
SCTAS2404.INE,SC2404TAS,INE,原油2404TAS,SCTAS,桶,1000.0,人民币元/桶,,20231201,20240319,202404,
NR2411.INE,NR2411,INE,20号胶2411,NR,吨,10.0,人民币元/吨,实物交割,20231116,20241115,202411,20241122
BC2411.INE,BC2411,INE,国际铜2411,BC,吨,5.0,人民币元/吨,实物交割,20231116,20241115,202411,20241122
SC2411.INE,SC2411,INE,原油2411,SC,桶,1000.0,人民币元/桶,实物交割,20231101,20241031,202411,20241107
SCTAS2403.INE,SC2403TAS,INE,原油2403TAS,SCTAS,桶,1000.0,人民币元/桶,,20231101,20240219,202403,
LU2411.INE,LU2411,INE,低硫燃料油2411,LU,吨,10.0,人民币元/吨,实物交割,20231101,20241031,202411,20241107
NR2410.INE,NR2410,INE,20号胶2410,NR,吨,10.0,人民币元/吨,实物交割,20231017,20241015,202410,20241022
BC2410.INE,BC2410,INE,国际铜2410,BC,吨,5.0,人民币元/吨,实物交割,20231017,20241015,202410,20241022
SC2410.INE,SC2410,INE,原油2410,SC,桶,1000.0,人民币元/桶,实物交割,20231009,20240930,202410,20241014
SCTAS2402.INE,SC2402TAS,INE,原油2402TAS,SCTAS,桶,1000.0,人民币元/桶,,20231009,20240119,202402,
LU2410.INE,LU2410,INE,低硫燃料油2410,LU,吨,10.0,人民币元/吨,实物交割,20231009,20240930,202410,20241014
BC2409.INE,BC2409,INE,国际铜2409,BC,吨,5.0,人民币元/吨,实物交割,20230918,20240918,202409,20240925
NR2409.INE,NR2409,INE,20号胶2409,NR,吨,10.0,人民币元/吨,实物交割,20230918,20240918,202409,20240925
SC2609.INE,SC2609,INE,原油2609,SC,桶,1000.0,人民币元/桶,实物交割,20230901,20260831,202609,20260907
LU2409.INE,LU2409,INE,低硫燃料油2409,LU,吨,10.0,人民币元/吨,实物交割,20230901,20240830,202409,20240906
SCTAS2401.INE,SC2401TAS,INE,原油2401TAS,SCTAS,桶,1000.0,人民币元/桶,,20230901,20231219,202401,
EC2410.INE,EC2410,INE,集运指数(欧线)2410,EC,张,1.0,指数点,现金交割,20230818,20241028,202410,20241028
EC2412.INE,EC2412,INE,集运指数(欧线)2412,EC,张,1.0,指数点,现金交割,20230818,20241230,202412,20241230
EC2408.INE,EC2408,INE,集运指数(欧线)2408,EC,张,1.0,指数点,现金交割,20230818,20240826,202408,20240826
EC2406.INE,EC2406,INE,集运指数(欧线)2406,EC,张,1.0,指数点,现金交割,20230818,20240624,202406,20240624
EC2404.INE,EC2404,INE,集运指数(欧线)2404,EC,张,1.0,指数点,现金交割,20230818,20240429,202404,20240429
BC2408.INE,BC2408,INE,国际铜2408,BC,吨,5.0,人民币元/吨,实物交割,20230816,20240815,202408,20240822
NR2408.INE,NR2408,INE,20号胶2408,NR,吨,10.0,人民币元/吨,实物交割,20230816,20240815,202408,20240822
SCTAS2312.INE,SC2312TAS,INE,原油2312TAS,SCTAS,桶,1000.0,人民币元/桶,,20230801,20231120,202312,
SC2408.INE,SC2408,INE,原油2408,SC,桶,1000.0,人民币元/桶,实物交割,20230801,20240731,202408,20240807
LU2408.INE,LU2408,INE,低硫燃料油2408,LU,吨,10.0,人民币元/吨,实物交割,20230801,20240731,202408,20240807
NR2407.INE,NR2407,INE,20号胶2407,NR,吨,10.0,人民币元/吨,实物交割,20230718,20240715,202407,20240722
BC2407.INE,BC2407,INE,国际铜2407,BC,吨,5.0,人民币元/吨,实物交割,20230718,20240715,202407,20240722
LU2407.INE,LU2407,INE,低硫燃料油2407,LU,吨,10.0,人民币元/吨,实物交割,20230703,20240628,202407,20240705
SC2407.INE,SC2407,INE,原油2407,SC,桶,1000.0,人民币元/桶,实物交割,20230703,20240628,202407,20240705
SCTAS2311.INE,SC2311TAS,INE,原油2311TAS,SCTAS,桶,1000.0,人民币元/桶,,20230703,20231019,202311,
NR2406.INE,NR2406,INE,20号胶2406,NR,吨,10.0,人民币元/吨,实物交割,20230616,20240617,202406,20240624
BC2406.INE,BC2406,INE,国际铜2406,BC,吨,5.0,人民币元/吨,实物交割,20230616,20240617,202406,20240624
SCTAS2310.INE,SC2310TAS,INE,原油2310TAS,SCTAS,桶,1000.0,人民币元/桶,,20230601,20230918,202310,
SC2606.INE,SC2606,INE,原油2606,SC,桶,1000.0,人民币元/桶,实物交割,20230601,20260529,202606,20260605
LU2406.INE,LU2406,INE,低硫燃料油2406,LU,吨,10.0,人民币元/吨,实物交割,20230601,20240531,202406,20240607
BC2405.INE,BC2405,INE,国际铜2405,BC,吨,5.0,人民币元/吨,实物交割,20230516,20240515,202405,20240522
NR2405.INE,NR2405,INE,20号胶2405,NR,吨,10.0,人民币元/吨,实物交割,20230516,20240515,202405,20240522
SCTAS2309.INE,SC2309TAS,INE,原油2309TAS,SCTAS,桶,1000.0,人民币元/桶,,20230504,20230821,202309,
SC2405.INE,SC2405,INE,原油2405,SC,桶,1000.0,人民币元/桶,实物交割,20230504,20240430,202405,20240510
LU2405.INE,LU2405,INE,低硫燃料油2405,LU,吨,10.0,人民币元/吨,实物交割,20230504,20240430,202405,20240510
SCTAS2307.INE,SC2307TAS,INE,原油2307TAS,SCTAS,桶,1000.0,人民币元/桶,,20230425,20230616,202307,
SCTAS2308.INE,SC2308TAS,INE,原油2308TAS,SCTAS,桶,1000.0,人民币元/桶,,20230425,20230719,202308,
BC2404.INE,BC2404,INE,国际铜2404,BC,吨,5.0,人民币元/吨,实物交割,20230418,20240415,202404,20240422
NR2404.INE,NR2404,INE,20号胶2404,NR,吨,10.0,人民币元/吨,实物交割,20230418,20240415,202404,20240422
LU2404.INE,LU2404,INE,低硫燃料油2404,LU,吨,10.0,人民币元/吨,实物交割,20230403,20240329,202404,20240409
SC2404.INE,SC2404,INE,原油2404,SC,桶,1000.0,人民币元/桶,实物交割,20230403,20240329,202404,20240409
SCTAS2306.INE,SC2306TAS,INE,原油2306TAS,SCTAS,桶,1000.0,人民币元/桶,,20230403,20230519,202306,
NR2403.INE,NR2403,INE,20号胶2403,NR,吨,10.0,人民币元/吨,实物交割,20230316,20240315,202403,20240322
BC2403.INE,BC2403,INE,国际铜2403,BC,吨,5.0,人民币元/吨,实物交割,20230316,20240315,202403,20240322
SC2603.INE,SC2603,INE,原油2603,SC,桶,1000.0,人民币元/桶,实物交割,20230301,20260227,202603,20260306
SCTAS2305.INE,SC2305TAS,INE,原油2305TAS,SCTAS,桶,1000.0,人民币元/桶,,20230301,20230418,202305,
LU2403.INE,LU2403,INE,低硫燃料油2403,LU,吨,10.0,人民币元/吨,实物交割,20230301,20240229,202403,20240307
NR2402.INE,NR2402,INE,20号胶2402,NR,吨,10.0,人民币元/吨,实物交割,20230216,20240219,202402,20240226
BC2402.INE,BC2402,INE,国际铜2402,BC,吨,5.0,人民币元/吨,实物交割,20230216,20240219,202402,20240226
SC2402.INE,SC2402,INE,原油2402,SC,桶,1000.0,人民币元/桶,实物交割,20230117,20240131,202402,20240207
NR2401.INE,NR2401,INE,20号胶2401,NR,吨,10.0,人民币元/吨,实物交割,20230117,20240115,202401,20240122
SCTAS2304.INE,SC2304TAS,INE,原油2304TAS,SCTAS,桶,1000.0,人民币元/桶,,20230117,20230321,202304,
LU2402.INE,LU2402,INE,低硫燃料油2402,LU,吨,10.0,人民币元/吨,实物交割,20230117,20240131,202402,20240207
BC2401.INE,BC2401,INE,国际铜2401,BC,吨,5.0,人民币元/吨,实物交割,20230117,20240115,202401,20240122
LU2401.INE,LU2401,INE,低硫燃料油2401,LU,吨,10.0,人民币元/吨,实物交割,20221223,20231229,202401,20240108
SC2401.INE,SC2401,INE,原油2401,SC,桶,1000.0,人民币元/桶,实物交割,20221223,20231229,202401,20240108
SCTAS2303.INE,SC2303TAS,INE,原油2303TAS,SCTAS,桶,1000.0,人民币元/桶,,20221223,20230216,202303,
NR2312.INE,NR2312,INE,20号胶2312,NR,吨,10.0,人民币元/吨,实物交割,20221216,20231215,202312,20231222
BC2312.INE,BC2312,INE,国际铜2312,BC,吨,5.0,人民币元/吨,实物交割,20221216,20231215,202312,20231222
SCTAS2302.INE,SC2302TAS,INE,原油2302TAS,SCTAS,桶,1000.0,人民币元/桶,,20221201,20230104,202302,
LU2312.INE,LU2312,INE,低硫燃料油2312,LU,吨,10.0,人民币元/吨,实物交割,20221201,20231130,202312,20231207
SC2512.INE,SC2512,INE,原油2512,SC,桶,1000.0,人民币元/桶,实物交割,20221201,20251128,202512,20251205
BC2311.INE,BC2311,INE,国际铜2311,BC,吨,5.0,人民币元/吨,实物交割,20221116,20231115,202311,20231122
NR2311.INE,NR2311,INE,20号胶2311,NR,吨,10.0,人民币元/吨,实物交割,20221116,20231115,202311,20231122
SCTAS2301.INE,SC2301TAS,INE,原油2301TAS,SCTAS,桶,1000.0,人民币元/桶,,20221101,20221212,202301,
LU2311.INE,LU2311,INE,低硫燃料油2311,LU,吨,10.0,人民币元/吨,实物交割,20221101,20231031,202311,20231107
SC2311.INE,SC2311,INE,原油2311,SC,桶,1000.0,人民币元/桶,实物交割,20221101,20231031,202311,20231107
BC2310.INE,BC2310,INE,国际铜2310,BC,吨,5.0,人民币元/吨,实物交割,20221018,20231016,202310,20231023
NR2310.INE,NR2310,INE,20号胶2310,NR,吨,10.0,人民币元/吨,实物交割,20221018,20231016,202310,20231023
SC2310.INE,SC2310,INE,原油2310,SC,桶,1000.0,人民币元/桶,实物交割,20220926,20230928,202310,20231013
SCTAS2212.INE,SC2212TAS,INE,原油2212TAS,SCTAS,桶,1000.0,人民币元/桶,,20220926,20221118,202212,
LU2310.INE,LU2310,INE,低硫燃料油2310,LU,吨,10.0,人民币元/吨,实物交割,20220926,20230928,202310,20231013
BC2309.INE,BC2309,INE,国际铜2309,BC,吨,5.0,人民币元/吨,实物交割,20220916,20230915,202309,20230922
NR2309.INE,NR2309,INE,20号胶2309,NR,吨,10.0,人民币元/吨,实物交割,20220916,20230915,202309,20230922
SCTAS2211.INE,SC2211TAS,INE,原油2211TAS,SCTAS,桶,1000.0,人民币元/桶,,20220901,20221019,202211,
LU2309.INE,LU2309,INE,低硫燃料油2309,LU,吨,10.0,人民币元/吨,实物交割,20220901,20230831,202309,20230907
SC2509.INE,SC2509,INE,原油2509,SC,桶,1000.0,人民币元/桶,实物交割,20220901,20250829,202509,20250905
NR2308.INE,NR2308,INE,20号胶2308,NR,吨,10.0,人民币元/吨,实物交割,20220816,20230815,202308,20230822
BC2308.INE,BC2308,INE,国际铜2308,BC,吨,5.0,人民币元/吨,实物交割,20220816,20230815,202308,20230822
SC2308.INE,SC2308,INE,原油2308,SC,桶,1000.0,人民币元/桶,实物交割,20220801,20230731,202308,20230807
SCTAS2210.INE,SC2210TAS,INE,原油2210TAS,SCTAS,桶,1000.0,人民币元/桶,,20220801,20220913,202210,
LU2308.INE,LU2308,INE,低硫燃料油2308,LU,吨,10.0,人民币元/吨,实物交割,20220801,20230731,202308,20230807
NR2307.INE,NR2307,INE,20号胶2307,NR,吨,10.0,人民币元/吨,实物交割,20220718,20230717,202307,20230724
BC2307.INE,BC2307,INE,国际铜2307,BC,吨,5.0,人民币元/吨,实物交割,20220718,20230717,202307,20230724
SCTAS2209.INE,SC2209TAS,INE,原油2209TAS,SCTAS,桶,1000.0,人民币元/桶,,20220701,20220819,202209,
LU2307.INE,LU2307,INE,低硫燃料油2307,LU,吨,10.0,人民币元/吨,实物交割,20220701,20230630,202307,20230707
SC2307.INE,SC2307,INE,原油2307,SC,桶,1000.0,人民币元/桶,实物交割,20220701,20230630,202307,20230707
NR2306.INE,NR2306,INE,20号胶2306,NR,吨,10.0,人民币元/吨,实物交割,20220616,20230615,202306,20230626
BC2306.INE,BC2306,INE,国际铜2306,BC,吨,5.0,人民币元/吨,实物交割,20220616,20230615,202306,20230626
SCTAS2208.INE,SC2208TAS,INE,原油2208TAS,SCTAS,桶,1000.0,人民币元/桶,,20220601,20220719,202208,
SC2506.INE,SC2506,INE,原油2506,SC,桶,1000.0,人民币元/桶,实物交割,20220601,20250530,202506,20250609
LU2306.INE,LU2306,INE,低硫燃料油2306,LU,吨,10.0,人民币元/吨,实物交割,20220601,20230531,202306,20230607
NR2305.INE,NR2305,INE,20号胶2305,NR,吨,10.0,人民币元/吨,实物交割,20220517,20230515,202305,20230522
BC2305.INE,BC2305,INE,国际铜2305,BC,吨,5.0,人民币元/吨,实物交割,20220517,20230515,202305,20230522
LU2305.INE,LU2305,INE,低硫燃料油2305,LU,吨,10.0,人民币元/吨,实物交割,20220505,20230428,202305,20230510
SC2305.INE,SC2305,INE,原油2305,SC,桶,1000.0,人民币元/桶,实物交割,20220505,20230428,202305,20230510
SCTAS2207.INE,SC2207TAS,INE,原油2207TAS,SCTAS,桶,1000.0,人民币元/桶,,20220505,20220620,202207,
NR2304.INE,NR2304,INE,20号胶2304,NR,吨,10.0,人民币元/吨,实物交割,20220418,20230417,202304,20230424
BC2304.INE,BC2304,INE,国际铜2304,BC,吨,5.0,人民币元/吨,实物交割,20220418,20230417,202304,20230424
SCTAS2206.INE,SC2206TAS,INE,原油2206TAS,SCTAS,桶,1000.0,人民币元/桶,,20220401,20220519,202206,
SC2304.INE,SC2304,INE,原油2304,SC,桶,1000.0,人民币元/桶,实物交割,20220401,20230331,202304,20230410
LU2304.INE,LU2304,INE,低硫燃料油2304,LU,吨,10.0,人民币元/吨,实物交割,20220401,20230331,202304,20230410
NR2303.INE,NR2303,INE,20号胶2303,NR,吨,10.0,人民币元/吨,实物交割,20220316,20230315,202303,20230322
BC2303.INE,BC2303,INE,国际铜2303,BC,吨,5.0,人民币元/吨,实物交割,20220316,20230315,202303,20230322
SC2503.INE,SC2503,INE,原油2503,SC,桶,1000.0,人民币元/桶,实物交割,20220301,20250228,202503,20250307
LU2303.INE,LU2303,INE,低硫燃料油2303,LU,吨,10.0,人民币元/吨,实物交割,20220301,20230228,202303,20230307
SCTAS2205.INE,SC2205TAS,INE,原油2205TAS,SCTAS,桶,1000.0,人民币元/桶,,20220301,20220419,202205,
NR2302.INE,NR2302,INE,20号胶2302,NR,吨,10.0,人民币元/吨,实物交割,20220216,20230215,202302,20230222
BC2302.INE,BC2302,INE,国际铜2302,BC,吨,5.0,人民币元/吨,实物交割,20220216,20230215,202302,20230222
LU2302.INE,LU2302,INE,低硫燃料油2302,LU,吨,10.0,人民币元/吨,实物交割,20220124,20230116,202302,20230130
SC2302.INE,SC2302,INE,原油2302,SC,桶,1000.0,人民币元/桶,实物交割,20220124,20230116,202302,20230130
SCTAS2204.INE,SC2204TAS,INE,原油2204TAS,SCTAS,桶,1000.0,人民币元/桶,,20220124,20220321,202204,
BC2301.INE,BC2301,INE,国际铜2301,BC,吨,5.0,人民币元/吨,实物交割,20220118,20230116,202301,20230130
NR2301.INE,NR2301,INE,20号胶2301,NR,吨,10.0,人民币元/吨,实物交割,20220118,20230116,202301,20230130
SCTAS2203.INE,SC2203TAS,INE,原油2203TAS,SCTAS,桶,1000.0,人民币元/桶,,20211224,20220216,202203,
SC2301.INE,SC2301,INE,原油2301,SC,桶,1000.0,人民币元/桶,实物交割,20211224,20221222,202301,20221229
LU2301.INE,LU2301,INE,低硫燃料油2301,LU,吨,10.0,人民币元/吨,实物交割,20211224,20221222,202301,20221229
NR2212.INE,NR2212,INE,20号胶2212,NR,吨,10.0,人民币元/吨,实物交割,20211216,20221215,202212,20221222
BC2212.INE,BC2212,INE,国际铜2212,BC,吨,5.0,人民币元/吨,实物交割,20211216,20221215,202212,20221222
SCTAS2202.INE,SC2202TAS,INE,原油2202TAS,SCTAS,桶,1000.0,人民币元/桶,,20211201,20220111,202202,
SC2412.INE,SC2412,INE,原油2412,SC,桶,1000.0,人民币元/桶,实物交割,20211201,20241129,202412,20241206
LU2212.INE,LU2212,INE,低硫燃料油2212,LU,吨,10.0,人民币元/吨,实物交割,20211201,20221130,202212,20221207
BC2211.INE,BC2211,INE,国际铜2211,BC,吨,5.0,人民币元/吨,实物交割,20211116,20221115,202211,20221122
NR2211.INE,NR2211,INE,20号胶2211,NR,吨,10.0,人民币元/吨,实物交割,20211116,20221115,202211,20221122
SC2211.INE,SC2211,INE,原油2211,SC,桶,1000.0,人民币元/桶,实物交割,20211101,20221031,202211,20221107
LU2211.INE,LU2211,INE,低硫燃料油2211,LU,吨,10.0,人民币元/吨,实物交割,20211101,20221031,202211,20221107
SCTAS2201.INE,SC2201TAS,INE,原油2201TAS,SCTAS,桶,1000.0,人民币元/桶,,20211101,20211213,202201,
NR2210.INE,NR2210,INE,20号胶2210,NR,吨,10.0,人民币元/吨,实物交割,20211018,20221017,202210,20221024
BC2210.INE,BC2210,INE,国际铜2210,BC,吨,5.0,人民币元/吨,实物交割,20211018,20221017,202210,20221024
LU2210.INE,LU2210,INE,低硫燃料油2210,LU,吨,10.0,人民币元/吨,实物交割,20210924,20220923,202210,20220930
SC2210.INE,SC2210,INE,原油2210,SC,桶,1000.0,人民币元/桶,实物交割,20210924,20220923,202210,20220930
SCTAS2112.INE,SC2112TAS,INE,原油2112TAS,SCTAS,桶,1000.0,人民币元/桶,,20210924,20211118,202112,
NR2209.INE,NR2209,INE,20号胶2209,NR,吨,10.0,人民币元/吨,实物交割,20210916,20220915,202209,20220922
BC2209.INE,BC2209,INE,国际铜2209,BC,吨,5.0,人民币元/吨,实物交割,20210916,20220915,202209,20220922
SC2409.INE,SC2409,INE,原油2409,SC,桶,1000.0,人民币元/桶,实物交割,20210901,20240830,202409,20240906
LU2209.INE,LU2209,INE,低硫燃料油2209,LU,吨,10.0,人民币元/吨,实物交割,20210901,20220831,202209,20220907
SCTAS2111.INE,SC2111TAS,INE,原油2111TAS,SCTAS,桶,1000.0,人民币元/桶,,20210901,20211019,202111,
NR2208.INE,NR2208,INE,20号胶2208,NR,吨,10.0,人民币元/吨,实物交割,20210817,20220815,202208,20220822
BC2208.INE,BC2208,INE,国际铜2208,BC,吨,5.0,人民币元/吨,实物交割,20210817,20220815,202208,20220822
SCTAS2110.INE,SC2110TAS,INE,原油2110TAS,SCTAS,桶,1000.0,人民币元/桶,,20210802,20210909,202110,
SC2208.INE,SC2208,INE,原油2208,SC,桶,1000.0,人民币元/桶,实物交割,20210802,20220729,202208,20220805
LU2208.INE,LU2208,INE,低硫燃料油2208,LU,吨,10.0,人民币元/吨,实物交割,20210802,20220729,202208,20220805
BC2207.INE,BC2207,INE,国际铜2207,BC,吨,5.0,人民币元/吨,实物交割,20210716,20220715,202207,20220722
NR2207.INE,NR2207,INE,20号胶2207,NR,吨,10.0,人民币元/吨,实物交割,20210716,20220715,202207,20220722
SC2207.INE,SC2207,INE,原油2207,SC,桶,1000.0,人民币元/桶,实物交割,20210701,20220630,202207,20220707
SCTAS2109.INE,SC2109TAS,INE,原油2109TAS,SCTAS,桶,1000.0,人民币元/桶,,20210701,20210819,202109,
LU2207.INE,LU2207,INE,低硫燃料油2207,LU,吨,10.0,人民币元/吨,实物交割,20210701,20220630,202207,20220707
BC2206.INE,BC2206,INE,国际铜2206,BC,吨,5.0,人民币元/吨,实物交割,20210616,20220615,202206,20220622
NR2206.INE,NR2206,INE,20号胶2206,NR,吨,10.0,人民币元/吨,实物交割,20210616,20220615,202206,20220622
LU2206.INE,LU2206,INE,低硫燃料油2206,LU,吨,10.0,人民币元/吨,实物交割,20210601,20220531,202206,20220608
SC2406.INE,SC2406,INE,原油2406,SC,桶,1000.0,人民币元/桶,实物交割,20210601,20240531,202406,20240607
SCTAS2108.INE,SC2108TAS,INE,原油2108TAS,SCTAS,桶,1000.0,人民币元/桶,,20210601,20210720,202108,
BC2205.INE,BC2205,INE,国际铜2205,BC,吨,5.0,人民币元/吨,实物交割,20210518,20220516,202205,20220523
NR2205.INE,NR2205,INE,20号胶2205,NR,吨,10.0,人民币元/吨,实物交割,20210518,20220516,202205,20220523
LU2205.INE,LU2205,INE,低硫燃料油2205,LU,吨,10.0,人民币元/吨,实物交割,20210506,20220429,202205,20220511
SCTAS2107.INE,SC2107TAS,INE,原油2107TAS,SCTAS,桶,1000.0,人民币元/桶,,20210506,20210618,202107,
SC2205.INE,SC2205,INE,原油2205,SC,桶,1000.0,人民币元/桶,实物交割,20210506,20220429,202205,20220511
NR2204.INE,NR2204,INE,20号胶2204,NR,吨,10.0,人民币元/吨,实物交割,20210416,20220415,202204,20220422
BC2204.INE,BC2204,INE,国际铜2204,BC,吨,5.0,人民币元/吨,实物交割,20210416,20220415,202204,20220422
SC2204.INE,SC2204,INE,原油2204,SC,桶,1000.0,人民币元/桶,实物交割,20210401,20220331,202204,20220411
LU2204.INE,LU2204,INE,低硫燃料油2204,LU,吨,10.0,人民币元/吨,实物交割,20210401,20220331,202204,20220411
SCTAS2106.INE,SC2106TAS,INE,原油2106TAS,SCTAS,桶,1000.0,人民币元/桶,,20210401,20210519,202106,
NR2203.INE,NR2203,INE,20号胶2203,NR,吨,10.0,人民币元/吨,实物交割,20210316,20220315,202203,20220322
BC2203.INE,BC2203,INE,国际铜2203,BC,吨,5.0,人民币元/吨,实物交割,20210316,20220315,202203,20220322
LU2203.INE,LU2203,INE,低硫燃料油2203,LU,吨,10.0,人民币元/吨,实物交割,20210301,20220228,202203,20220307
SC2403.INE,SC2403,INE,原油2403,SC,桶,1000.0,人民币元/桶,实物交割,20210301,20240229,202403,20240307
SCTAS2105.INE,SC2105TAS,INE,原油2105TAS,SCTAS,桶,1000.0,人民币元/桶,,20210301,20210420,202105,
NR2202.INE,NR2202,INE,20号胶2202,NR,吨,10.0,人民币元/吨,实物交割,20210208,20220215,202202,20220222
BC2202.INE,BC2202,INE,国际铜2202,BC,吨,5.0,人民币元/吨,实物交割,20210208,20220215,202202,20220222
SC2202.INE,SC2202,INE,原油2202,SC,桶,1000.0,人民币元/桶,实物交割,20210201,20220121,202202,20220128
LU2202.INE,LU2202,INE,低硫燃料油2202,LU,吨,10.0,人民币元/吨,实物交割,20210201,20220121,202202,20220128
SCTAS2104.INE,SC2104TAS,INE,原油2104TAS,SCTAS,桶,1000.0,人民币元/桶,,20210201,20210319,202104,
BC2201.INE,BC2201,INE,国际铜2201,BC,吨,5.0,人民币元/吨,实物交割,20210118,20220117,202201,20220124
NR2201.INE,NR2201,INE,20号胶2201,NR,吨,10.0,人民币元/吨,实物交割,20210118,20220117,202201,20220124
SCTAS2103.INE,SC2103TAS,INE,原油2103TAS,SCTAS,桶,1000.0,人民币元/桶,,20201225,20210209,202103,
SC2201.INE,SC2201,INE,原油2201,SC,桶,1000.0,人民币元/桶,实物交割,20201225,20211223,202201,20211230
LU2201.INE,LU2201,INE,低硫燃料油2201,LU,吨,10.0,人民币元/吨,实物交割,20201225,20211223,202201,20211230
BC2112.INE,BC2112,INE,国际铜2112,BC,吨,5.0,人民币元/吨,实物交割,20201216,20211215,202112,20211222
NR2112.INE,NR2112,INE,20号胶2112,NR,吨,10.0,人民币元/吨,实物交割,20201216,20211215,202112,20211222
SC2312.INE,SC2312,INE,原油2312,SC,桶,1000.0,人民币元/桶,实物交割,20201201,20231130,202312,20231207
SCTAS2102.INE,SC2102TAS,INE,原油2102TAS,SCTAS,桶,1000.0,人民币元/桶,,20201201,20210119,202102,
LU2112.INE,LU2112,INE,低硫燃料油2112,LU,吨,10.0,人民币元/吨,实物交割,20201201,20211130,202112,20211207
BC2105.INE,BC2105,INE,国际铜2105,BC,吨,5.0,人民币元/吨,实物交割,20201119,20210517,202105,20210524
BC2104.INE,BC2104,INE,国际铜2104,BC,吨,5.0,人民币元/吨,实物交割,20201119,20210415,202104,20210422
BC2107.INE,BC2107,INE,国际铜2107,BC,吨,5.0,人民币元/吨,实物交割,20201119,20210715,202107,20210722
BC2106.INE,BC2106,INE,国际铜2106,BC,吨,5.0,人民币元/吨,实物交割,20201119,20210615,202106,20210622
BC2108.INE,BC2108,INE,国际铜2108,BC,吨,5.0,人民币元/吨,实物交割,20201119,20210816,202108,20210823
BC2109.INE,BC2109,INE,国际铜2109,BC,吨,5.0,人民币元/吨,实物交割,20201119,20210915,202109,20210924
BC2110.INE,BC2110,INE,国际铜2110,BC,吨,5.0,人民币元/吨,实物交割,20201119,20211015,202110,20211022
BC2111.INE,BC2111,INE,国际铜2111,BC,吨,5.0,人民币元/吨,实物交割,20201119,20211115,202111,20211122
BC2103.INE,BC2103,INE,国际铜2103,BC,吨,5.0,人民币元/吨,实物交割,20201119,20210315,202103,20210322
NR2111.INE,NR2111,INE,20号胶2111,NR,吨,10.0,人民币元/吨,实物交割,20201117,20211115,202111,20211122
SCTAS2101.INE,SC2101TAS,INE,原油2101TAS,SCTAS,桶,1000.0,人民币元/桶,,20201102,20201214,202101,
LU2111.INE,LU2111,INE,低硫燃料油2111,LU,吨,10.0,人民币元/吨,实物交割,20201102,20211029,202111,20211105
SC2111.INE,SC2111,INE,原油2111,SC,桶,1000.0,人民币元/桶,实物交割,20201102,20211029,202111,20211105
NR2110.INE,NR2110,INE,20号胶2110,NR,吨,10.0,人民币元/吨,实物交割,20201016,20211015,202110,20211022
SCTAS2011.INE,SC2011TAS,INE,原油2011TAS,SCTAS,桶,1000.0,人民币元/桶,,20201012,20201020,202011,
SCTAS2012.INE,SC2012TAS,INE,原油2012TAS,SCTAS,桶,1000.0,人民币元/桶,,20201012,20201118,202012,
SC2110.INE,SC2110,INE,原油2110,SC,桶,1000.0,人民币元/桶,实物交割,20200924,20210923,202110,20210930
LU2110.INE,LU2110,INE,低硫燃料油2110,LU,吨,10.0,人民币元/吨,实物交割,20200924,20210923,202110,20210930
NR2109.INE,NR2109,INE,20号胶2109,NR,吨,10.0,人民币元/吨,实物交割,20200916,20210915,202109,20210924
LU2109.INE,LU2109,INE,低硫燃料油2109,LU,吨,10.0,人民币元/吨,实物交割,20200901,20210831,202109,20210907
SC2309.INE,SC2309,INE,原油2309,SC,桶,1000.0,人民币元/桶,实物交割,20200901,20230831,202309,20230907
NR2108.INE,NR2108,INE,20号胶2108,NR,吨,10.0,人民币元/吨,实物交割,20200818,20210816,202108,20210823
LU2108.INE,LU2108,INE,低硫燃料油2108,LU,吨,10.0,人民币元/吨,实物交割,20200803,20210730,202108,20210806
SC2108.INE,SC2108,INE,原油2108,SC,桶,1000.0,人民币元/桶,实物交割,20200803,20210730,202108,20210806
SCTAS2010.INE,SC2010TAS,INE,原油2010TAS,SCTAS,桶,1000.0,人民币元/桶,,20200722,20200911,202010,
NR2107.INE,NR2107,INE,20号胶2107,NR,吨,10.0,人民币元/吨,实物交割,20200716,20210715,202107,20210722
LU2107.INE,LU2107,INE,低硫燃料油2107,LU,吨,10.0,人民币元/吨,实物交割,20200701,20210630,202107,20210707
SC2107.INE,SC2107,INE,原油2107,SC,桶,1000.0,人民币元/桶,实物交割,20200701,20210630,202107,20210707
LU2106.INE,LU2106,INE,低硫燃料油2106,LU,吨,10.0,人民币元/吨,实物交割,20200622,20210531,202106,20210607
LU2101.INE,LU2101,INE,低硫燃料油2101,LU,吨,10.0,人民币元/吨,实物交割,20200622,20201224,202101,20201231
LU2102.INE,LU2102,INE,低硫燃料油2102,LU,吨,10.0,人民币元/吨,实物交割,20200622,20210129,202102,20210205
LU2103.INE,LU2103,INE,低硫燃料油2103,LU,吨,10.0,人民币元/吨,实物交割,20200622,20210226,202103,20210305
LU2105.INE,LU2105,INE,低硫燃料油2105,LU,吨,10.0,人民币元/吨,实物交割,20200622,20210430,202105,20210512
LU2104.INE,LU2104,INE,低硫燃料油2104,LU,吨,10.0,人民币元/吨,实物交割,20200622,20210331,202104,20210408
SCTAS2009.INE,SC2009TAS,INE,原油2009TAS,SCTAS,桶,1000.0,人民币元/桶,,20200619,20200819,202009,
NR2106.INE,NR2106,INE,20号胶2106,NR,吨,10.0,人民币元/吨,实物交割,20200616,20210615,202106,20210622
SC2306.INE,SC2306,INE,原油2306,SC,桶,1000.0,人民币元/桶,实物交割,20200601,20230531,202306,20230607
SCTAS2008.INE,SC2008TAS,INE,原油2008TAS,SCTAS,桶,1000.0,人民币元/桶,,20200520,20200721,202008,
NR2105.INE,NR2105,INE,20号胶2105,NR,吨,10.0,人民币元/吨,实物交割,20200518,20210517,202105,20210524
SC2105.INE,SC2105,INE,原油2105,SC,桶,1000.0,人民币元/桶,实物交割,20200506,20210430,202105,20210512
SCTAS2007.INE,SC2007TAS,INE,原油2007TAS,SCTAS,桶,1000.0,人民币元/桶,,20200421,20200616,202007,
SCTAS2006.INE,SC2006TAS,INE,原油2006TAS,SCTAS,桶,1000.0,人民币元/桶,,20200421,20200519,202006,
NR2104.INE,NR2104,INE,20号胶2104,NR,吨,10.0,人民币元/吨,实物交割,20200416,20210415,202104,20210422
SC2104.INE,SC2104,INE,原油2104,SC,桶,1000.0,人民币元/桶,实物交割,20200401,20210331,202104,20210408
SCTAS2005.INE,SC2005TAS,INE,原油2005TAS,SCTAS,桶,1000.0,人民币元/桶,,20200320,20200420,202005,
NR2103.INE,NR2103,INE,20号胶2103,NR,吨,10.0,人民币元/吨,实物交割,20200317,20210315,202103,20210322
SC2303.INE,SC2303,INE,原油2303,SC,桶,1000.0,人民币元/桶,实物交割,20200302,20230228,202303,20230307
SCTAS2004.INE,SC2004TAS,INE,原油2004TAS,SCTAS,桶,1000.0,人民币元/桶,,20200219,20200319,202004,
NR2102.INE,NR2102,INE,20号胶2102,NR,吨,10.0,人民币元/吨,实物交割,20200218,20210205,202102,20210219
SC2102.INE,SC2102,INE,原油2102,SC,桶,1000.0,人民币元/桶,实物交割,20200117,20210129,202102,20210205
NR2101.INE,NR2101,INE,20号胶2101,NR,吨,10.0,人民币元/吨,实物交割,20200116,20210115,202101,20210122
SCTAS2003.INE,SC2003TAS,INE,原油2003TAS,SCTAS,桶,1000.0,人民币元/桶,,20200113,20200218,202003,
SC2101.INE,SC2101,INE,原油2101,SC,桶,1000.0,人民币元/桶,实物交割,20191223,20201224,202101,20201231
NR2012.INE,NR2012,INE,20号胶2012,NR,吨,10.0,人民币元/吨,实物交割,20191217,20201215,202012,20201222
SC2212.INE,SC2212,INE,原油2212,SC,桶,1000.0,人民币元/桶,实物交割,20191202,20221130,202212,20221207
NR2011.INE,NR2011,INE,20号胶2011,NR,吨,10.0,人民币元/吨,实物交割,20191118,20201116,202011,20201123
SC2011.INE,SC2011,INE,原油2011,SC,桶,1000.0,人民币元/桶,实物交割,20191101,20201030,202011,20201106
NR2010.INE,NR2010,INE,20号胶2010,NR,吨,10.0,人民币元/吨,实物交割,20191016,20201015,202010,20201022
SC2010.INE,SC2010,INE,原油2010,SC,桶,1000.0,人民币元/桶,实物交割,20190924,20200923,202010,20200930
NR2009.INE,NR2009,INE,20号胶2009,NR,吨,10.0,人民币元/吨,实物交割,20190917,20200915,202009,20200922
SC2209.INE,SC2209,INE,原油2209,SC,桶,1000.0,人民币元/桶,实物交割,20190902,20220831,202209,20220907
NR2008.INE,NR2008,INE,20号胶2008,NR,吨,10.0,人民币元/吨,实物交割,20190816,20200817,202008,20200824
NR2006.INE,NR2006,INE,20号胶2006,NR,吨,10.0,人民币元/吨,实物交割,20190812,20200615,202006,20200622
NR2002.INE,NR2002,INE,20号胶2002,NR,吨,10.0,人民币元/吨,实物交割,20190812,20200217,202002,20200224
NR2005.INE,NR2005,INE,20号胶2005,NR,吨,10.0,人民币元/吨,实物交割,20190812,20200515,202005,20200522
NR2003.INE,NR2003,INE,20号胶2003,NR,吨,10.0,人民币元/吨,实物交割,20190812,20200316,202003,20200323
NR2007.INE,NR2007,INE,20号胶2007,NR,吨,10.0,人民币元/吨,实物交割,20190812,20200715,202007,20200722
NR2004.INE,NR2004,INE,20号胶2004,NR,吨,10.0,人民币元/吨,实物交割,20190812,20200415,202004,20200422
SC2008.INE,SC2008,INE,原油2008,SC,桶,1000.0,人民币元/桶,实物交割,20190801,20200731,202008,20200807
SC2007.INE,SC2007,INE,原油2007,SC,桶,1000.0,人民币元/桶,实物交割,20190701,20200630,202007,20200707
SC2206.INE,SC2206,INE,原油2206,SC,桶,1000.0,人民币元/桶,实物交割,20190603,20220531,202206,20220608
SC2005.INE,SC2005,INE,原油2005,SC,桶,1000.0,人民币元/桶,实物交割,20190506,20200430,202005,20200512
SC2004.INE,SC2004,INE,原油2004,SC,桶,1000.0,人民币元/桶,实物交割,20190401,20200331,202004,20200408
SC2203.INE,SC2203,INE,原油2203,SC,桶,1000.0,人民币元/桶,实物交割,20190301,20220228,202203,20220307
SC2002.INE,SC2002,INE,原油2002,SC,桶,1000.0,人民币元/桶,实物交割,20190128,20200116,202002,20200123
SC2001.INE,SC2001,INE,原油2001,SC,桶,1000.0,人民币元/桶,实物交割,20190102,20191220,202001,20191227
SC2112.INE,SC2112,INE,原油2112,SC,桶,1000.0,人民币元/桶,实物交割,20181203,20211130,202112,20211207
SC1911.INE,SC1911,INE,原油1911,SC,桶,1000.0,人民币元/桶,实物交割,20181101,20191031,201911,20191107
SC1910.INE,SC1910,INE,原油1910,SC,桶,1000.0,人民币元/桶,实物交割,20180921,20190923,201910,20190930
SC2109.INE,SC2109,INE,原油2109,SC,桶,1000.0,人民币元/桶,实物交割,20180903,20210831,202109,20210907
SC1908.INE,SC1908,INE,原油1908,SC,桶,1000.0,人民币元/桶,实物交割,20180801,20190731,201908,20190807
SC1907.INE,SC1907,INE,原油1907,SC,桶,1000.0,人民币元/桶,实物交割,20180702,20190628,201907,20190705
SC2106.INE,SC2106,INE,原油2106,SC,桶,1000.0,人民币元/桶,实物交割,20180601,20210531,202106,20210607
SC1905.INE,SC1905,INE,原油1905,SC,桶,1000.0,人民币元/桶,实物交割,20180502,20190430,201905,20190510
SC1904.INE,SC1904,INE,原油1904,SC,桶,1000.0,人民币元/桶,实物交割,20180402,20190329,201904,20190405
SC1906.INE,SC1906,INE,原油1906,SC,桶,1000.0,人民币元/桶,实物交割,20180326,20190531,201906,20190607
SC2103.INE,SC2103,INE,原油2103,SC,桶,1000.0,人民币元/桶,实物交割,20180326,20210226,202103,20210305
SC1812.INE,SC1812,INE,原油1812,SC,桶,1000.0,人民币元/桶,实物交割,20180326,20181130,201812,20181207
SC1810.INE,SC1810,INE,原油1810,SC,桶,1000.0,人民币元/桶,实物交割,20180326,20180920,201810,20180928
SC1912.INE,SC1912,INE,原油1912,SC,桶,1000.0,人民币元/桶,实物交割,20180326,20191129,201912,20191206
SC2012.INE,SC2012,INE,原油2012,SC,桶,1000.0,人民币元/桶,实物交割,20180326,20201130,202012,20201207
SC1809.INE,SC1809,INE,原油1809,SC,桶,1000.0,人民币元/桶,实物交割,20180326,20180831,201809,20180907
SC1901.INE,SC1901,INE,原油1901,SC,桶,1000.0,人民币元/桶,实物交割,20180326,20181228,201901,20190108
SC1903.INE,SC1903,INE,原油1903,SC,桶,1000.0,人民币元/桶,实物交割,20180326,20190228,201903,20190307
SC2006.INE,SC2006,INE,原油2006,SC,桶,1000.0,人民币元/桶,实物交割,20180326,20200529,202006,20200605
SC2003.INE,SC2003,INE,原油2003,SC,桶,1000.0,人民币元/桶,实物交割,20180326,20200228,202003,20200306
SC2009.INE,SC2009,INE,原油2009,SC,桶,1000.0,人民币元/桶,实物交割,20180326,20200831,202009,20200907
SC1909.INE,SC1909,INE,原油1909,SC,桶,1000.0,人民币元/桶,实物交割,20180326,20190830,201909,20190906
SC1811.INE,SC1811,INE,原油1811,SC,桶,1000.0,人民币元/桶,实物交割,20180326,20181031,201811,20181107
SC1902.INE,SC1902,INE,原油1902,SC,桶,1000.0,人民币元/桶,实物交割,20180326,20190125,201902,20190201
